{
  "Place Order" : {
    "transaction" : "Place Order",
    "sampleCount" : 7079,
    "errorCount" : 7079,
    "errorPct" : 100.0,
    "meanResTime" : 0.769600226020623,
    "medianResTime" : 1.0,
    "minResTime" : 0.0,
    "maxResTime" : 62.0,
    "pct1ResTime" : 1.0,
    "pct2ResTime" : 2.0,
    "pct3ResTime" : 3.0,
    "throughput" : 23.76181125488814,
    "receivedKBytesPerSec" : 3.6431683271654665,
    "sentKBytesPerSec" : 7.588000273777755
  },
  "Get Products" : {
    "transaction" : "Get Products",
    "sampleCount" : 7104,
    "errorCount" : 7104,
    "errorPct" : 100.0,
    "meanResTime" : 0.7577421171171167,
    "medianResTime" : 1.0,
    "minResTime" : 0.0,
    "maxResTime" : 63.0,
    "pct1ResTime" : 1.0,
    "pct2ResTime" : 2.0,
    "pct3ResTime" : 3.0,
    "throughput" : 23.76452248497155,
    "receivedKBytesPerSec" : 3.6435840138091145,
    "sentKBytesPerSec" : 3.7132066382768047
  },
  "Total" : {
    "transaction" : "Total",
    "sampleCount" : 14183,
    "errorCount" : 14183,
    "errorPct" : 100.0,
    "meanResTime" : 0.7636607205809774,
    "medianResTime" : 1.0,
    "minResTime" : 0.0,
    "maxResTime" : 63.0,
    "pct1ResTime" : 1.0,
    "pct2ResTime" : 2.0,
    "pct3ResTime" : 3.0,
    "throughput" : 47.44493804693981,
    "receivedKBytesPerSec" : 7.274272727899953,
    "sentKBytesPerSec" : 11.275253236687787
  }
}